"Timestamp,Voltage (V)"
"2026-05-29 21:55:23.181,3.39"
"2026-05-29 21:55:23.213,3.07"
"2026-05-29 21:55:23.414,2.96"
"2026-05-29 21:55:23.614,2.9"
"2026-05-29 21:55:23.814,2.81"
"2026-05-29 21:55:24.015,2.81"
"2026-05-29 21:55:24.216,2.74"
"2026-05-29 21:55:24.416,2.72"
"2026-05-29 21:55:24.616,2.83"
"2026-05-29 21:55:24.817,5.27"
"2026-05-29 21:55:25.018,2.94"
"2026-05-29 21:55:25.218,2.83"
"2026-05-29 21:55:25.419,2.84"
"2026-05-29 21:55:25.619,2.95"
"2026-05-29 21:55:25.820,3.4"
"2026-05-29 21:55:26.020,2.5"
"2026-05-29 21:55:26.220,4.53"
"2026-05-29 21:55:26.421,3.5"
"2026-05-29 21:55:26.621,3.56"
"2026-05-29 21:55:26.822,3.28"
"2026-05-29 21:55:27.022,3.0"
"2026-05-29 21:55:27.223,2.93"
"2026-05-29 21:55:27.424,2.88"
"2026-05-29 21:55:27.624,3.05"
"2026-05-29 21:55:27.824,2.9"
"2026-05-29 21:55:28.025,2.83"
"2026-05-29 21:55:28.225,2.74"
"2026-05-29 21:55:28.426,2.5"
"2026-05-29 21:55:28.626,2.87"
"2026-05-29 21:55:28.827,3.29"
"2026-05-29 21:55:29.027,2.93"
"2026-05-29 21:55:29.228,2.67"
"2026-05-29 21:55:29.428,4.05"
"2026-05-29 21:55:29.629,2.43"
"2026-05-29 21:55:29.829,2.93"
"2026-05-29 21:55:30.030,3.2"
"2026-05-29 21:55:30.230,2.4"
"2026-05-29 21:55:30.431,2.66"
"2026-05-29 21:55:30.631,3.61"
"2026-05-29 21:55:30.832,4.1"
"2026-05-29 21:55:31.032,3.38"
"2026-05-29 21:55:31.233,4.34"
"2026-05-29 21:55:31.433,3.99"
"2026-05-29 21:55:31.634,4.6"
"2026-05-29 21:55:31.834,4.44"
"2026-05-29 21:55:32.035,2.6"
"2026-05-29 21:55:32.235,3.08"
"2026-05-29 21:55:32.436,3.56"
"2026-05-29 21:55:32.636,3.26"
"2026-05-29 21:55:32.837,3.24"
"2026-05-29 21:55:33.037,3.12"
"2026-05-29 21:55:33.238,2.66"
"2026-05-29 21:55:33.438,2.96"
"2026-05-29 21:55:33.639,2.95"
"2026-05-29 21:55:33.839,2.79"
"2026-05-29 21:55:34.039,3.11"
"2026-05-29 21:55:34.240,2.86"
"2026-05-29 21:55:34.441,3.07"
"2026-05-29 21:55:34.641,3.06"
"2026-05-29 21:55:34.842,2.82"
"2026-05-29 21:55:35.042,2.77"
"2026-05-29 21:55:35.243,3.27"
"2026-05-29 21:55:35.443,3.75"
"2026-05-29 21:55:35.643,2.09"
"2026-05-29 21:55:35.844,2.6"
"2026-05-29 21:55:36.044,2.91"
"2026-05-29 21:55:36.245,2.85"
"2026-05-29 21:55:36.445,2.87"
"2026-05-29 21:55:36.646,3.9"
"2026-05-29 21:55:36.846,3.75"
"2026-05-29 21:55:37.047,4.17"
"2026-05-29 21:55:37.247,3.45"
"2026-05-29 21:55:37.449,3.17"
"2026-05-29 21:55:37.648,4.04"
"2026-05-29 21:55:37.849,3.99"
"2026-05-29 21:55:38.049,3.93"
"2026-05-29 21:55:38.250,4.15"
"2026-05-29 21:55:38.450,4.84"
"2026-05-29 21:55:38.651,3.96"
"2026-05-29 21:55:38.851,3.07"
"2026-05-29 21:55:39.052,2.69"
"2026-05-29 21:55:39.252,2.83"
"2026-05-29 21:55:39.453,2.86"
"2026-05-29 21:55:39.653,2.83"
"2026-05-29 21:55:39.854,2.94"
"2026-05-29 21:55:40.054,2.95"
"2026-05-29 21:55:40.255,3.41"
"2026-05-29 21:55:40.455,4.84"
"2026-05-29 21:55:40.656,5.56"
"2026-05-29 21:55:40.857,4.08"
"2026-05-29 21:55:41.056,3.39"
"2026-05-29 21:55:41.258,3.52"
"2026-05-29 21:55:41.458,3.69"
"2026-05-29 21:55:41.658,3.87"
"2026-05-29 21:55:41.858,3.73"
"2026-05-29 21:55:42.059,3.43"
"2026-05-29 21:55:42.260,2.52"
"2026-05-29 21:55:42.460,3.06"
"2026-05-29 21:55:42.661,3.23"
"2026-05-29 21:55:42.861,3.07"
"2026-05-29 21:55:43.061,2.98"
"2026-05-29 21:55:43.262,3.38"
"2026-05-29 21:55:43.463,3.31"
"2026-05-29 21:55:43.663,3.57"
"2026-05-29 21:55:43.864,3.26"
"2026-05-29 21:55:44.064,3.25"
"2026-05-29 21:55:44.265,3.05"
"2026-05-29 21:55:44.465,2.17"
"2026-05-29 21:55:44.666,2.75"
"2026-05-29 21:55:44.866,4.23"
"2026-05-29 21:55:45.067,4.31"
"2026-05-29 21:55:45.267,3.99"
"2026-05-29 21:55:45.468,2.33"
"2026-05-29 21:55:45.668,2.62"
"2026-05-29 21:55:45.869,2.96"
"2026-05-29 21:55:46.069,3.11"
"2026-05-29 21:55:46.269,2.87"
"2026-05-29 21:55:46.470,2.96"
"2026-05-29 21:55:46.671,2.87"
"2026-05-29 21:55:46.871,2.92"
"2026-05-29 21:55:47.071,3.22"
"2026-05-29 21:55:47.272,4.01"
"2026-05-29 21:55:47.472,3.29"
"2026-05-29 21:55:47.673,3.15"
"2026-05-29 21:55:47.874,2.78"
"2026-05-29 21:55:48.074,3.33"
"2026-05-29 21:55:48.274,3.27"
"2026-05-29 21:55:48.475,3.07"
"2026-05-29 21:55:48.677,3.2"
"2026-05-29 21:55:48.876,3.13"
"2026-05-29 21:55:49.076,3.31"
"2026-05-29 21:55:49.277,1.98"
"2026-05-29 21:55:49.477,3.22"
"2026-05-29 21:55:49.678,3.16"
"2026-05-29 21:55:49.878,3.04"
"2026-05-29 21:55:50.079,3.12"
"2026-05-29 21:55:50.279,2.73"
"2026-05-29 21:55:50.480,3.28"
"2026-05-29 21:55:50.681,2.92"
"2026-05-29 21:55:50.881,3.09"
"2026-05-29 21:55:51.081,2.86"
"2026-05-29 21:55:51.282,3.04"
"2026-05-29 21:55:51.482,3.31"
"2026-05-29 21:55:51.683,3.04"
"2026-05-29 21:55:51.883,4.11"
"2026-05-29 21:55:52.084,3.62"
"2026-05-29 21:55:52.284,3.35"
"2026-05-29 21:55:52.485,2.81"
"2026-05-29 21:55:52.685,3.56"
"2026-05-29 21:55:52.886,3.14"
"2026-05-29 21:55:53.087,2.95"
"2026-05-29 21:55:53.287,3.09"
"2026-05-29 21:55:53.487,2.79"
"2026-05-29 21:55:53.688,2.37"
"2026-05-29 21:55:53.888,4.08"
"2026-05-29 21:55:54.089,4.14"
"2026-05-29 21:55:54.289,2.96"
"2026-05-29 21:55:54.490,1.71"
"2026-05-29 21:55:54.690,3.15"
"2026-05-29 21:55:54.891,3.68"
"2026-05-29 21:55:55.091,6.76"
"2026-05-29 21:55:55.292,2.68"
"2026-05-29 21:55:55.492,3.26"
"2026-05-29 21:55:55.693,4.09"
"2026-05-29 21:55:55.893,5.64"
"2026-05-29 21:55:56.094,2.27"
"2026-05-29 21:55:56.294,3.69"
"2026-05-29 21:55:56.495,4.23"
"2026-05-29 21:55:56.695,2.86"
"2026-05-29 21:55:56.896,3.37"
"2026-05-29 21:55:57.096,3.69"
"2026-05-29 21:55:57.297,2.66"
"2026-05-29 21:55:57.497,3.63"
"2026-05-29 21:55:57.698,4.15"
"2026-05-29 21:55:57.898,4.66"
"2026-05-29 21:55:58.099,2.05"
"2026-05-29 21:55:58.299,3.57"
"2026-05-29 21:55:58.500,4.05"
"2026-05-29 21:55:58.700,2.64"
"2026-05-29 21:55:58.901,3.21"
"2026-05-29 21:55:59.101,3.64"
"2026-05-29 21:55:59.302,3.81"
"2026-05-29 21:55:59.502,2.39"
"2026-05-29 21:55:59.703,3.21"
"2026-05-29 21:55:59.903,3.42"
"2026-05-29 21:56:00.103,3.83"
"2026-05-29 21:56:00.304,1.18"
"2026-05-29 21:56:00.504,2.85"
"2026-05-29 21:56:00.705,3.28"
"2026-05-29 21:56:00.905,3.27"
"2026-05-29 21:56:01.106,2.92"
"2026-05-29 21:56:01.307,3.43"
"2026-05-29 21:56:01.507,3.39"
"2026-05-29 21:56:01.707,1.44"
"2026-05-29 21:56:01.908,3.04"
"2026-05-29 21:56:02.108,2.56"
"2026-05-29 21:56:02.309,2.38"
"2026-05-29 21:56:02.509,2.27"
"2026-05-29 21:56:02.710,3.41"
"2026-05-29 21:56:02.911,3.4"
"2026-05-29 21:56:03.111,2.55"
"2026-05-29 21:56:03.311,1.18"
"2026-05-29 21:56:03.512,2.74"
"2026-05-29 21:56:03.712,4.51"
"2026-05-29 21:56:03.913,2.21"
"2026-05-29 21:56:04.113,1.52"
"2026-05-29 21:56:04.314,4.76"
"2026-05-29 21:56:04.515,3.26"
"2026-05-29 21:56:04.715,2.34"
"2026-05-29 21:56:04.915,0.63"
"2026-05-29 21:56:05.116,3.63"
"2026-05-29 21:56:05.316,5.87"
"2026-05-29 21:56:05.517,2.67"
"2026-05-29 21:56:05.717,0.5"
"2026-05-29 21:56:05.918,3.67"
"2026-05-29 21:56:06.118,6.39"
"2026-05-29 21:56:06.319,2.73"
"2026-05-29 21:56:06.519,2.86"
"2026-05-29 21:56:06.720,3.78"
"2026-05-29 21:56:06.920,3.02"
"2026-05-29 21:56:07.121,2.08"
"2026-05-29 21:56:07.321,3.68"
"2026-05-29 21:56:07.522,3.94"
"2026-05-29 21:56:07.722,2.67"
"2026-05-29 21:56:07.923,2.09"
"2026-05-29 21:56:08.123,4.35"
"2026-05-29 21:56:08.323,3.05"
"2026-05-29 21:56:08.524,2.08"
"2026-05-29 21:56:08.725,4.04"
"2026-05-29 21:56:08.925,5.16"
"2026-05-29 21:56:09.126,2.67"
"2026-05-29 21:56:09.326,0.0"
"2026-05-29 21:56:09.527,4.21"
"2026-05-29 21:56:09.727,8.79"
"2026-05-29 21:56:09.928,2.21"
"2026-05-29 21:56:10.128,2.96"
"2026-05-29 21:56:10.328,4.52"
"2026-05-29 21:56:10.529,2.67"
"2026-05-29 21:56:10.730,0.81"
"2026-05-29 21:56:10.930,4.25"
"2026-05-29 21:56:11.131,3.24"
"2026-05-29 21:56:11.331,2.42"
"2026-05-29 21:56:11.532,4.31"
"2026-05-29 21:56:11.732,7.0"
"2026-05-29 21:56:11.933,2.54"
"2026-05-29 21:56:12.133,0.04"
"2026-05-29 21:56:12.333,5.06"
"2026-05-29 21:56:12.534,2.93"
"2026-05-29 21:56:12.734,0.0"
"2026-05-29 21:56:12.936,3.81"
"2026-05-29 21:56:13.135,7.95"
"2026-05-29 21:56:13.336,2.5"
"2026-05-29 21:56:13.537,3.66"
"2026-05-29 21:56:13.737,5.61"
"2026-05-29 21:56:13.938,3.1"
"2026-05-29 21:56:14.138,1.55"
"2026-05-29 21:56:14.338,3.31"
"2026-05-29 21:56:14.539,5.18"
"2026-05-29 21:56:14.740,2.85"
"2026-05-29 21:56:14.940,0.49"
"2026-05-29 21:56:15.140,3.07"
"2026-05-29 21:56:15.341,3.71"
"2026-05-29 21:56:15.541,2.46"
"2026-05-29 21:56:15.742,0.0"
"2026-05-29 21:56:15.942,3.93"
"2026-05-29 21:56:16.143,6.51"
"2026-05-29 21:56:16.343,2.36"
"2026-05-29 21:56:16.544,2.0"
"2026-05-29 21:56:16.744,3.91"
"2026-05-29 21:56:16.945,2.79"
"2026-05-29 21:56:17.145,2.0"
"2026-05-29 21:56:17.346,3.81"
"2026-05-29 21:56:17.546,6.97"
"2026-05-29 21:56:17.747,2.41"
"2026-05-29 21:56:17.948,0.42"
"2026-05-29 21:56:18.148,4.55"
"2026-05-29 21:56:18.348,2.71"
"2026-05-29 21:56:18.549,1.25"
"2026-05-29 21:56:18.749,4.51"
"2026-05-29 21:56:18.950,3.2"
"2026-05-29 21:56:19.150,2.7"
"2026-05-29 21:56:19.351,3.15"
"2026-05-29 21:56:19.551,6.14"
"2026-05-29 21:56:19.752,2.72"
"2026-05-29 21:56:19.952,1.37"
"2026-05-29 21:56:20.153,3.26"
"2026-05-29 21:56:20.353,3.78"
"2026-05-29 21:56:20.554,2.66"
"2026-05-29 21:56:20.754,3.21"
"2026-05-29 21:56:20.955,5.21"
"2026-05-29 21:56:21.155,3.11"
"2026-05-29 21:56:21.356,1.25"
"2026-05-29 21:56:21.556,2.96"
"2026-05-29 21:56:21.756,6.3"
"2026-05-29 21:56:21.957,2.67"
"2026-05-29 21:56:22.158,1.53"
"2026-05-29 21:56:22.358,2.85"
"2026-05-29 21:56:22.559,6.48"
"2026-05-29 21:56:22.759,9.76"
"2026-05-29 21:56:22.960,5.69"
"2026-05-29 21:56:23.160,3.75"
"2026-05-29 21:56:23.361,3.46"
"2026-05-29 21:56:23.561,1.77"
"2026-05-29 21:56:23.762,3.0"
"2026-05-29 21:56:23.962,0.0"
"2026-05-29 21:56:24.162,4.05"
"2026-05-29 21:56:24.363,3.47"
"2026-05-29 21:56:24.563,3.32"
"2026-05-29 21:56:24.764,3.05"
"2026-05-29 21:56:24.965,2.92"
"2026-05-29 21:56:25.165,3.03"
"2026-05-29 21:56:25.365,2.93"
"2026-05-29 21:56:25.566,3.29"
"2026-05-29 21:56:25.767,3.21"
"2026-05-29 21:56:25.967,2.73"
"2026-05-29 21:56:26.168,2.88"
"2026-05-29 21:56:26.368,2.68"
"2026-05-29 21:56:26.569,2.62"
"2026-05-29 21:56:26.769,2.58"
"2026-05-29 21:56:26.969,2.93"
"2026-05-29 21:56:27.170,2.69"
"2026-05-29 21:56:27.370,2.48"
"2026-05-29 21:56:27.571,2.4"
"2026-05-29 21:56:27.771,3.13"
"2026-05-29 21:56:27.972,3.6"
"2026-05-29 21:56:28.173,3.4"
"2026-05-29 21:56:28.373,3.42"
"2026-05-29 21:56:28.573,3.47"
"2026-05-29 21:56:28.773,3.47"
"2026-05-29 21:56:28.974,3.49"
"2026-05-29 21:56:29.175,3.21"
"2026-05-29 21:56:29.375,3.47"
"2026-05-29 21:56:29.576,3.27"
"2026-05-29 21:56:29.776,3.3"
"2026-05-29 21:56:29.977,2.46"
"2026-05-29 21:56:30.177,4.24"
"2026-05-29 21:56:30.378,8.08"
"2026-05-29 21:56:30.578,7.06"
"2026-05-29 21:56:30.779,7.03"
"2026-05-29 21:56:30.979,3.28"
"2026-05-29 21:56:31.180,7.47"
"2026-05-29 21:56:31.380,7.33"
"2026-05-29 21:56:31.581,7.09"
"2026-05-29 21:56:31.781,7.0"
"2026-05-29 21:56:31.981,7.05"
"2026-05-29 21:56:32.182,7.03"
"2026-05-29 21:56:32.383,6.88"
"2026-05-29 21:56:32.583,6.76"
"2026-05-29 21:56:32.784,6.61"
"2026-05-29 21:56:32.984,6.47"
"2026-05-29 21:56:33.185,6.67"
"2026-05-29 21:56:33.385,6.54"
"2026-05-29 21:56:33.585,6.52"
"2026-05-29 21:56:33.786,6.59"
"2026-05-29 21:56:33.987,6.56"
"2026-05-29 21:56:34.187,6.59"
"2026-05-29 21:56:34.387,6.61"
"2026-05-29 21:56:34.588,6.63"
"2026-05-29 21:56:34.788,6.67"
"2026-05-29 21:56:34.989,6.62"
"2026-05-29 21:56:35.190,6.61"
"2026-05-29 21:56:35.390,6.7"
"2026-05-29 21:56:35.590,6.81"
"2026-05-29 21:56:35.792,6.67"
"2026-05-29 21:56:35.991,6.7"
"2026-05-29 21:56:36.192,6.58"
"2026-05-29 21:56:36.393,6.52"
"2026-05-29 21:56:36.593,6.43"
"2026-05-29 21:56:36.793,6.44"
"2026-05-29 21:56:36.994,6.33"
"2026-05-29 21:56:37.194,6.25"
"2026-05-29 21:56:37.395,6.11"
"2026-05-29 21:56:37.596,6.09"
"2026-05-29 21:56:37.796,6.0"
"2026-05-29 21:56:37.996,5.92"
"2026-05-29 21:56:38.197,5.76"
"2026-05-29 21:56:38.397,5.72"
"2026-05-29 21:56:38.598,5.55"
"2026-05-29 21:56:38.799,5.63"
"2026-05-29 21:56:38.999,5.74"
"2026-05-29 21:56:39.199,5.46"
"2026-05-29 21:56:39.400,3.6"
"2026-05-29 21:56:39.600,5.58"
"2026-05-29 21:56:39.801,5.94"
"2026-05-29 21:56:40.001,5.81"
"2026-05-29 21:56:40.202,5.8"
"2026-05-29 21:56:40.402,5.85"
"2026-05-29 21:56:40.603,5.84"
"2026-05-29 21:56:40.804,5.85"
"2026-05-29 21:56:41.004,5.94"
"2026-05-29 21:56:41.204,5.93"
"2026-05-29 21:56:41.405,5.91"
"2026-05-29 21:56:41.606,6.08"
"2026-05-29 21:56:41.806,5.94"
"2026-05-29 21:56:42.006,5.92"
"2026-05-29 21:56:42.207,5.9"
"2026-05-29 21:56:42.407,5.76"
"2026-05-29 21:56:42.608,5.94"
"2026-05-29 21:56:42.808,5.8"
"2026-05-29 21:56:43.009,5.57"
"2026-05-29 21:56:43.209,5.22"
"2026-05-29 21:56:43.410,5.12"
"2026-05-29 21:56:43.610,5.25"
"2026-05-29 21:56:43.811,5.45"
"2026-05-29 21:56:44.011,5.46"
"2026-05-29 21:56:44.212,5.39"
"2026-05-29 21:56:44.412,5.14"
"2026-05-29 21:56:44.613,5.01"
"2026-05-29 21:56:44.813,5.22"
"2026-05-29 21:56:45.013,5.23"
"2026-05-29 21:56:45.215,4.79"
"2026-05-29 21:56:45.415,4.13"
"2026-05-29 21:56:45.615,5.15"
"2026-05-29 21:56:45.816,5.43"
"2026-05-29 21:56:46.016,5.14"
"2026-05-29 21:56:46.216,5.1"
"2026-05-29 21:56:46.417,5.14"
"2026-05-29 21:56:46.617,5.45"
"2026-05-29 21:56:46.818,5.39"
"2026-05-29 21:56:47.019,5.25"
"2026-05-29 21:56:47.219,3.03"
"2026-05-29 21:56:47.420,3.26"
"2026-05-29 21:56:47.620,5.49"
"2026-05-29 21:56:47.821,5.65"
"2026-05-29 21:56:48.021,5.59"
"2026-05-29 21:56:48.222,5.51"
"2026-05-29 21:56:48.422,5.45"
"2026-05-29 21:56:48.623,5.34"
"2026-05-29 21:56:48.823,5.29"
"2026-05-29 21:56:49.024,5.29"
"2026-05-29 21:56:49.224,5.07"
"2026-05-29 21:56:49.424,5.25"
"2026-05-29 21:56:49.625,5.34"
"2026-05-29 21:56:49.825,5.32"
"2026-05-29 21:56:50.026,5.28"
"2026-05-29 21:56:50.227,5.2"
"2026-05-29 21:56:50.427,5.11"
"2026-05-29 21:56:50.627,5.11"
"2026-05-29 21:56:50.828,5.03"
"2026-05-29 21:56:51.028,5.12"
"2026-05-29 21:56:51.229,5.15"
"2026-05-29 21:56:51.430,5.06"
"2026-05-29 21:56:51.630,5.16"
"2026-05-29 21:56:51.831,5.23"
"2026-05-29 21:56:52.031,5.3"
"2026-05-29 21:56:52.232,5.42"
"2026-05-29 21:56:52.432,5.48"
"2026-05-29 21:56:52.632,5.51"
"2026-05-29 21:56:52.833,5.43"
"2026-05-29 21:56:53.033,5.61"
"2026-05-29 21:56:53.234,5.01"
"2026-05-29 21:56:53.434,5.6"
"2026-05-29 21:56:53.635,5.65"
"2026-05-29 21:56:53.835,5.48"
"2026-05-29 21:56:54.036,5.54"
"2026-05-29 21:56:54.236,5.43"
"2026-05-29 21:56:54.437,5.5"
"2026-05-29 21:56:54.637,5.57"
"2026-05-29 21:56:54.837,5.37"
"2026-05-29 21:56:55.038,5.4"
"2026-05-29 21:56:55.238,5.34"
"2026-05-29 21:56:55.439,4.99"
"2026-05-29 21:56:55.639,5.01"
"2026-05-29 21:56:55.840,5.08"
"2026-05-29 21:56:56.040,4.96"
"2026-05-29 21:56:56.240,5.04"
"2026-05-29 21:56:56.441,4.89"
"2026-05-29 21:56:56.642,4.95"
"2026-05-29 21:56:56.842,4.79"
"2026-05-29 21:56:57.042,4.54"
"2026-05-29 21:56:57.242,3.64"
"2026-05-29 21:56:57.443,4.36"
"2026-05-29 21:56:57.643,4.96"
"2026-05-29 21:56:57.844,0.89"
"2026-05-29 21:56:58.044,3.82"
"2026-05-29 21:56:58.245,4.57"
"2026-05-29 21:56:58.446,5.12"
"2026-05-29 21:56:58.646,4.99"
"2026-05-29 21:56:58.846,3.77"
"2026-05-29 21:56:59.047,5.06"
"2026-05-29 21:56:59.247,5.01"
"2026-05-29 21:56:59.448,5.05"
"2026-05-29 21:56:59.648,4.24"
"2026-05-29 21:56:59.849,5.12"
"2026-05-29 21:57:00.049,5.26"
"2026-05-29 21:57:00.249,4.61"
"2026-05-29 21:57:00.450,4.29"
"2026-05-29 21:57:00.650,4.42"
"2026-05-29 21:57:00.851,4.59"
"2026-05-29 21:57:01.051,4.5"
"2026-05-29 21:57:01.252,3.22"
"2026-05-29 21:57:01.452,0.25"
"2026-05-29 21:57:01.653,4.4"
"2026-05-29 21:57:01.853,3.26"
"2026-05-29 21:57:02.053,5.15"
"2026-05-29 21:57:02.254,5.19"
"2026-05-29 21:57:02.454,4.69"
"2026-05-29 21:57:02.655,5.17"
"2026-05-29 21:57:02.855,5.14"
"2026-05-29 21:57:03.056,4.57"
"2026-05-29 21:57:03.256,4.78"
"2026-05-29 21:57:03.457,5.24"
"2026-05-29 21:57:03.657,5.36"
"2026-05-29 21:57:03.858,5.16"
"2026-05-29 21:57:04.058,3.7"
"2026-05-29 21:57:04.258,4.62"
"2026-05-29 21:57:04.459,3.63"
"2026-05-29 21:57:04.659,5.28"
"2026-05-29 21:57:04.860,5.5"
"2026-05-29 21:57:05.060,5.53"
"2026-05-29 21:57:05.261,5.59"
"2026-05-29 21:57:05.461,5.44"
"2026-05-29 21:57:05.662,5.45"
"2026-05-29 21:57:05.862,4.67"
"2026-05-29 21:57:06.062,4.95"
"2026-05-29 21:57:06.263,5.01"
"2026-05-29 21:57:06.463,4.81"
"2026-05-29 21:57:06.664,1.99"
"2026-05-29 21:57:06.864,4.47"
"2026-05-29 21:57:07.064,4.38"
"2026-05-29 21:57:07.265,4.15"
"2026-05-29 21:57:07.465,4.99"
"2026-05-29 21:57:07.666,4.83"
"2026-05-29 21:57:07.867,4.79"
"2026-05-29 21:57:08.067,4.61"
"2026-05-29 21:57:08.267,3.62"
"2026-05-29 21:57:08.468,3.98"
"2026-05-29 21:57:08.668,3.94"
"2026-05-29 21:57:08.868,0.0"
"2026-05-29 21:57:09.069,4.26"
"2026-05-29 21:57:09.269,4.3"
"2026-05-29 21:57:09.470,4.08"
"2026-05-29 21:57:09.670,3.3"
"2026-05-29 21:57:09.871,0.0"
"2026-05-29 21:57:10.071,3.4"
"2026-05-29 21:57:10.272,4.12"
"2026-05-29 21:57:10.472,4.87"
"2026-05-29 21:57:10.673,4.97"
"2026-05-29 21:57:10.873,5.17"
"2026-05-29 21:57:11.073,5.27"
"2026-05-29 21:57:11.274,5.33"
"2026-05-29 21:57:11.474,5.21"
"2026-05-29 21:57:11.675,5.23"
"2026-05-29 21:57:11.875,5.24"
"2026-05-29 21:57:12.076,5.19"
"2026-05-29 21:57:12.276,5.18"
"2026-05-29 21:57:12.476,5.14"
"2026-05-29 21:57:12.677,5.07"
"2026-05-29 21:57:12.877,4.95"
"2026-05-29 21:57:13.078,4.92"
"2026-05-29 21:57:13.279,3.58"
"2026-05-29 21:57:13.479,4.34"
"2026-05-29 21:57:13.679,4.17"
"2026-05-29 21:57:13.879,4.45"
"2026-05-29 21:57:14.080,4.72"
"2026-05-29 21:57:14.280,4.45"
"2026-05-29 21:57:14.481,4.49"
"2026-05-29 21:57:14.682,4.48"
"2026-05-29 21:57:14.882,4.4"
"2026-05-29 21:57:15.083,4.35"
"2026-05-29 21:57:15.283,4.53"
"2026-05-29 21:57:15.483,4.41"
"2026-05-29 21:57:15.684,3.22"
"2026-05-29 21:57:15.884,3.41"
"2026-05-29 21:57:16.085,4.48"
"2026-05-29 21:57:16.285,4.73"
"2026-05-29 21:57:16.486,4.08"
"2026-05-29 21:57:16.686,4.6"
"2026-05-29 21:57:16.886,4.96"
"2026-05-29 21:57:17.087,4.84"
"2026-05-29 21:57:17.287,4.36"
"2026-05-29 21:57:17.488,4.69"
"2026-05-29 21:57:17.688,8.04"
"2026-05-29 21:57:17.889,5.14"
"2026-05-29 21:57:18.089,2.09"
"2026-05-29 21:57:18.290,4.57"
"2026-05-29 21:57:18.490,4.94"
"2026-05-29 21:57:18.690,4.13"
"2026-05-29 21:57:18.891,4.68"
"2026-05-29 21:57:19.091,3.01"
"2026-05-29 21:57:19.292,4.67"
"2026-05-29 21:57:19.492,4.07"
"2026-05-29 21:57:19.693,4.68"
"2026-05-29 21:57:19.893,4.23"
"2026-05-29 21:57:20.093,4.14"
"2026-05-29 21:57:20.294,3.9"
"2026-05-29 21:57:20.494,4.12"
"2026-05-29 21:57:20.695,3.79"
"2026-05-29 21:57:20.895,3.63"
"2026-05-29 21:57:21.096,4.15"
"2026-05-29 21:57:21.296,3.91"
"2026-05-29 21:57:21.497,4.05"
"2026-05-29 21:57:21.697,4.19"
"2026-05-29 21:57:21.897,4.02"
"2026-05-29 21:57:22.099,3.97"
"2026-05-29 21:57:22.298,4.11"
"2026-05-29 21:57:22.499,4.38"
"2026-05-29 21:57:22.699,4.3"
"2026-05-29 21:57:22.900,4.53"
"2026-05-29 21:57:23.100,4.39"
"2026-05-29 21:57:23.301,4.54"
"2026-05-29 21:57:23.501,4.75"
"2026-05-29 21:57:23.701,4.77"
"2026-05-29 21:57:23.902,4.32"
"2026-05-29 21:57:24.102,3.12"
"2026-05-29 21:57:24.303,3.93"
"2026-05-29 21:57:24.503,4.23"
"2026-05-29 21:57:24.704,4.29"
"2026-05-29 21:57:24.904,4.14"
"2026-05-29 21:57:25.105,4.0"
"2026-05-29 21:57:25.305,3.87"
"2026-05-29 21:57:25.506,3.83"
"2026-05-29 21:57:25.706,3.79"
"2026-05-29 21:57:25.906,3.66"
"2026-05-29 21:57:26.107,3.6"
"2026-05-29 21:57:26.307,3.55"
"2026-05-29 21:57:26.507,3.61"
"2026-05-29 21:57:26.708,3.43"
"2026-05-29 21:57:26.909,3.46"
"2026-05-29 21:57:27.109,3.41"
"2026-05-29 21:57:27.310,4.22"
"2026-05-29 21:57:27.510,4.55"
"2026-05-29 21:57:27.710,3.94"
"2026-05-29 21:57:27.911,4.28"
"2026-05-29 21:57:28.111,4.55"
"2026-05-29 21:57:28.312,3.97"
"2026-05-29 21:57:28.512,3.81"
"2026-05-29 21:57:28.713,4.2"
"2026-05-29 21:57:28.913,4.26"
"2026-05-29 21:57:29.113,4.41"
"2026-05-29 21:57:29.314,4.73"
"2026-05-29 21:57:29.514,2.66"
"2026-05-29 21:57:29.715,4.83"
"2026-05-29 21:57:29.915,4.97"
"2026-05-29 21:57:30.116,4.3"
"2026-05-29 21:57:30.316,1.95"
"2026-05-29 21:57:30.517,4.27"
"2026-05-29 21:57:30.717,2.61"
"2026-05-29 21:57:30.918,3.16"
"2026-05-29 21:57:31.118,4.42"
"2026-05-29 21:57:31.318,4.06"
"2026-05-29 21:57:31.519,4.48"
"2026-05-29 21:57:31.719,4.46"
"2026-05-29 21:57:31.919,4.39"
"2026-05-29 21:57:32.120,4.38"
"2026-05-29 21:57:32.320,4.31"
"2026-05-29 21:57:32.521,4.21"
"2026-05-29 21:57:32.722,3.95"
"2026-05-29 21:57:32.922,3.88"
"2026-05-29 21:57:33.122,3.43"
"2026-05-29 21:57:33.323,3.4"
"2026-05-29 21:57:33.523,3.63"
"2026-05-29 21:57:33.724,3.54"
"2026-05-29 21:57:33.924,3.68"
"2026-05-29 21:57:34.125,2.91"
"2026-05-29 21:57:34.325,4.26"
"2026-05-29 21:57:34.526,4.13"
"2026-05-29 21:57:34.726,3.21"
"2026-05-29 21:57:34.927,4.27"
"2026-05-29 21:57:35.127,4.29"
"2026-05-29 21:57:35.327,3.85"
"2026-05-29 21:57:35.528,4.1"
"2026-05-29 21:57:35.728,4.26"
"2026-05-29 21:57:35.929,4.53"
"2026-05-29 21:57:36.129,4.61"
"2026-05-29 21:57:36.329,0.0"
"2026-05-29 21:57:36.530,3.73"
"2026-05-29 21:57:36.731,3.07"
"2026-05-29 21:57:36.931,3.74"
"2026-05-29 21:57:37.131,2.54"
"2026-05-29 21:57:37.332,3.57"
"2026-05-29 21:57:37.532,2.74"
"2026-05-29 21:57:37.733,3.36"
"2026-05-29 21:57:37.933,2.68"
"2026-05-29 21:57:38.133,5.08"
"2026-05-29 21:57:38.334,5.58"
"2026-05-29 21:57:38.534,7.2"
"2026-05-29 21:57:38.735,6.05"
"2026-05-29 21:57:38.935,5.55"
"2026-05-29 21:57:39.136,4.25"
"2026-05-29 21:57:39.337,3.23"
"2026-05-29 21:57:39.536,3.46"
"2026-05-29 21:57:39.737,0.0"
"2026-05-29 21:57:39.938,4.77"
"2026-05-29 21:57:40.138,7.28"
"2026-05-29 21:57:40.339,4.27"
"2026-05-29 21:57:40.539,3.17"
"2026-05-29 21:57:40.739,3.19"
"2026-05-29 21:57:40.940,2.88"
"2026-05-29 21:57:41.140,2.92"
"2026-05-29 21:57:41.340,2.71"
"2026-05-29 21:57:41.541,1.58"
"2026-05-29 21:57:41.742,2.73"
"2026-05-29 21:57:41.942,3.17"
"2026-05-29 21:57:42.142,6.71"
"2026-05-29 21:57:42.343,0.0"
"2026-05-29 21:57:42.543,7.2"
"2026-05-29 21:57:42.744,7.88"
"2026-05-29 21:57:42.944,3.45"
"2026-05-29 21:57:43.145,0.0"
"2026-05-29 21:57:43.345,0.0"
"2026-05-29 21:57:43.545,6.2"
"2026-05-29 21:57:43.746,4.03"
"2026-05-29 21:57:43.946,0.67"
"2026-05-29 21:57:44.147,8.46"
"2026-05-29 21:57:44.347,4.0"
"2026-05-29 21:57:44.548,4.94"
"2026-05-29 21:57:44.748,6.99"
"2026-05-29 21:57:44.948,9.82"
"2026-05-29 21:57:45.149,7.01"
"2026-05-29 21:57:45.349,2.18"
"2026-05-29 21:57:45.550,2.75"
"2026-05-29 21:57:45.751,2.0"
"2026-05-29 21:57:45.951,2.36"
"2026-05-29 21:57:46.151,2.71"
"2026-05-29 21:57:46.352,2.97"
"2026-05-29 21:57:46.552,3.26"
"2026-05-29 21:57:46.752,3.2"
"2026-05-29 21:57:46.953,2.03"
"2026-05-29 21:57:47.153,8.04"
"2026-05-29 21:57:47.354,8.06"
"2026-05-29 21:57:47.554,7.96"
"2026-05-29 21:57:47.755,7.21"
"2026-05-29 21:57:47.955,4.8"
"2026-05-29 21:57:48.156,7.6"
"2026-05-29 21:57:48.356,7.47"
"2026-05-29 21:57:48.557,6.34"
"2026-05-29 21:57:48.757,5.64"
"2026-05-29 21:57:48.958,6.58"
"2026-05-29 21:57:49.158,4.31"
"2026-05-29 21:57:49.359,5.56"
"2026-05-29 21:57:49.559,5.28"
"2026-05-29 21:57:49.759,3.93"
"2026-05-29 21:57:49.960,3.59"
"2026-05-29 21:57:50.160,2.74"
"2026-05-29 21:57:50.361,0.53"
"2026-05-29 21:57:50.561,0.58"
"2026-05-29 21:57:50.761,1.02"
"2026-05-29 21:57:50.962,1.17"
"2026-05-29 21:57:51.162,0.0"
"2026-05-29 21:57:51.363,6.09"
"2026-05-29 21:57:51.563,7.09"
"2026-05-29 21:57:51.764,6.66"
"2026-05-29 21:57:51.964,7.09"
"2026-05-29 21:57:52.165,6.55"
"2026-05-29 21:57:52.365,3.1"
"2026-05-29 21:57:52.565,5.87"
"2026-05-29 21:57:52.766,5.85"
"2026-05-29 21:57:52.966,6.38"
"2026-05-29 21:57:53.167,5.63"
"2026-05-29 21:57:53.367,4.58"
"2026-05-29 21:57:53.568,3.74"
"2026-05-29 21:57:53.768,5.96"
"2026-05-29 21:57:53.969,6.45"
"2026-05-29 21:57:54.169,2.91"
"2026-05-29 21:57:54.369,5.43"
"2026-05-29 21:57:54.570,6.21"
"2026-05-29 21:57:54.770,6.25"
"2026-05-29 21:57:54.971,6.12"
"2026-05-29 21:57:55.171,6.04"
"2026-05-29 21:57:55.372,6.08"
"2026-05-29 21:57:55.572,5.93"
"2026-05-29 21:57:55.773,5.95"
"2026-05-29 21:57:55.973,5.83"
"2026-05-29 21:57:56.174,5.76"
"2026-05-29 21:57:56.374,5.79"
"2026-05-29 21:57:56.574,5.77"
"2026-05-29 21:57:56.775,5.81"
"2026-05-29 21:57:56.975,5.76"
"2026-05-29 21:57:57.176,5.83"
"2026-05-29 21:57:57.376,5.8"
"2026-05-29 21:57:57.577,5.49"
"2026-05-29 21:57:57.777,5.97"
"2026-05-29 21:57:57.977,5.87"
"2026-05-29 21:57:58.178,5.77"
"2026-05-29 21:57:58.378,5.91"
"2026-05-29 21:57:58.579,5.9"
"2026-05-29 21:57:58.779,5.85"
"2026-05-29 21:57:58.979,5.94"
"2026-05-29 21:57:59.180,5.88"
"2026-05-29 21:57:59.380,5.96"
"2026-05-29 21:57:59.581,5.9"
"2026-05-29 21:57:59.781,5.95"
"2026-05-29 21:57:59.982,5.75"
"2026-05-29 21:58:00.182,5.7"
"2026-05-29 21:58:00.383,5.67"
"2026-05-29 21:58:00.583,5.64"
"2026-05-29 21:58:00.784,5.56"
"2026-05-29 21:58:00.984,5.45"
"2026-05-29 21:58:01.184,5.28"
"2026-05-29 21:58:01.385,4.96"
"2026-05-29 21:58:01.586,5.11"
"2026-05-29 21:58:01.786,3.7"
"2026-05-29 21:58:01.987,3.49"
"2026-05-29 21:58:02.187,4.85"
"2026-05-29 21:58:02.388,4.7"
"2026-05-29 21:58:02.588,2.36"
"2026-05-29 21:58:02.788,5.24"
"2026-05-29 21:58:02.989,4.4"
"2026-05-29 21:58:03.189,7.03"
"2026-05-29 21:58:03.390,2.68"
"2026-05-29 21:58:03.591,1.93"
"2026-05-29 21:58:03.790,2.68"
"2026-05-29 21:58:03.991,5.84"
"2026-05-29 21:58:04.191,5.57"
"2026-05-29 21:58:04.392,4.37"
"2026-05-29 21:58:04.596,1.55"
"2026-05-29 21:58:04.792,3.07"
"2026-05-29 21:58:04.993,2.95"
"2026-05-29 21:58:05.193,4.75"
"2026-05-29 21:58:05.394,2.68"
"2026-05-29 21:58:05.594,2.33"
"2026-05-29 21:58:05.795,2.35"
"2026-05-29 21:58:05.995,5.63"
"2026-05-29 21:58:06.196,6.62"
"2026-05-29 21:58:06.396,3.84"
"2026-05-29 21:58:06.597,2.62"
"2026-05-29 21:58:06.797,2.53"
"2026-05-29 21:58:06.998,4.48"
"2026-05-29 21:58:07.198,8.0"
"2026-05-29 21:58:07.398,9.08"
"2026-05-29 21:58:07.599,3.47"
"2026-05-29 21:58:07.799,3.14"
"2026-05-29 21:58:08.000,2.82"
"2026-05-29 21:58:08.200,2.49"
"2026-05-29 21:58:08.400,1.39"
"2026-05-29 21:58:08.601,5.52"
"2026-05-29 21:58:08.801,8.04"
"2026-05-29 21:58:09.002,8.8"
"2026-05-29 21:58:09.203,3.89"
"2026-05-29 21:58:09.403,2.81"
"2026-05-29 21:58:09.603,2.34"
"2026-05-29 21:58:09.804,8.92"
"2026-05-29 21:58:10.004,9.24"
"2026-05-29 21:58:10.205,9.41"
"2026-05-29 21:58:10.405,9.65"
"2026-05-29 21:58:10.607,10.0"
"2026-05-29 21:58:10.806,9.9"
"2026-05-29 21:58:11.007,9.59"
"2026-05-29 21:58:11.207,9.97"
"2026-05-29 21:58:11.407,9.54"
"2026-05-29 21:58:11.609,10.0"
"2026-05-29 21:58:11.809,10.0"
"2026-05-29 21:58:12.009,7.93"
"2026-05-29 21:58:12.209,8.36"
"2026-05-29 21:58:12.410,9.23"
"2026-05-29 21:58:12.611,8.98"
"2026-05-29 21:58:12.811,9.97"
"2026-05-29 21:58:13.011,9.09"
"2026-05-29 21:58:13.211,8.37"
"2026-05-29 21:58:13.412,6.9"
"2026-05-29 21:58:13.612,8.91"
"2026-05-29 21:58:13.813,7.72"
"2026-05-29 21:58:14.013,9.78"
"2026-05-29 21:58:14.214,9.13"
"2026-05-29 21:58:14.414,7.13"
"2026-05-29 21:58:14.615,7.56"
"2026-05-29 21:58:14.815,7.35"
"2026-05-29 21:58:15.015,7.2"
"2026-05-29 21:58:15.216,6.72"
"2026-05-29 21:58:15.416,7.29"
"2026-05-29 21:58:15.617,7.86"
"2026-05-29 21:58:15.817,8.11"
"2026-05-29 21:58:16.018,7.99"
"2026-05-29 21:58:16.219,8.62"
"2026-05-29 21:58:16.419,7.64"
"2026-05-29 21:58:16.619,7.9"
"2026-05-29 21:58:16.819,7.96"
"2026-05-29 21:58:17.020,7.88"
"2026-05-29 21:58:17.220,7.91"
"2026-05-29 21:58:17.421,8.03"
"2026-05-29 21:58:17.621,7.8"
"2026-05-29 21:58:17.821,6.83"
"2026-05-29 21:58:18.022,0.0"
"2026-05-29 21:58:18.222,2.11"
"2026-05-29 21:58:18.424,10.0"
"2026-05-29 21:58:18.623,8.42"
"2026-05-29 21:58:18.824,7.48"
"2026-05-29 21:58:19.024,7.23"
"2026-05-29 21:58:19.224,7.05"
"2026-05-29 21:58:19.425,6.88"
"2026-05-29 21:58:19.625,6.22"
"2026-05-29 21:58:19.826,5.5"
"2026-05-29 21:58:20.027,8.24"
"2026-05-29 21:58:20.227,7.15"
"2026-05-29 21:58:20.427,6.92"
"2026-05-29 21:58:20.628,6.83"
"2026-05-29 21:58:20.828,6.87"
"2026-05-29 21:58:21.029,6.85"
"2026-05-29 21:58:21.229,6.85"
"2026-05-29 21:58:21.429,6.82"
"2026-05-29 21:58:21.630,6.82"
"2026-05-29 21:58:21.830,6.75"
"2026-05-29 21:58:22.031,6.74"
"2026-05-29 21:58:22.231,6.78"
"2026-05-29 21:58:22.432,6.93"
"2026-05-29 21:58:22.632,6.88"
"2026-05-29 21:58:22.833,6.88"
"2026-05-29 21:58:23.033,6.75"
"2026-05-29 21:58:23.233,6.76"
"2026-05-29 21:58:23.434,6.78"
"2026-05-29 21:58:23.634,6.68"
"2026-05-29 21:58:23.835,6.47"
"2026-05-29 21:58:24.035,6.46"
"2026-05-29 21:58:24.236,6.36"
"2026-05-29 21:58:24.436,6.26"
"2026-05-29 21:58:24.637,6.14"
"2026-05-29 21:58:24.837,6.13"
"2026-05-29 21:58:25.037,6.1"
"2026-05-29 21:58:25.238,5.92"
"2026-05-29 21:58:25.439,5.87"
"2026-05-29 21:58:25.639,5.96"
"2026-05-29 21:58:25.839,5.93"
"2026-05-29 21:58:26.040,5.92"
"2026-05-29 21:58:26.240,5.85"
"2026-05-29 21:58:26.441,6.01"
"2026-05-29 21:58:26.641,5.98"
"2026-05-29 21:58:26.842,6.01"
"2026-05-29 21:58:27.042,5.14"
"2026-05-29 21:58:27.243,6.04"
"2026-05-29 21:58:27.443,5.88"
"2026-05-29 21:58:27.643,5.89"
"2026-05-29 21:58:27.844,6.02"
"2026-05-29 21:58:28.044,5.95"
"2026-05-29 21:58:28.245,6.07"
"2026-05-29 21:58:28.445,5.97"
"2026-05-29 21:58:28.646,5.97"
"2026-05-29 21:58:28.846,6.0"
"2026-05-29 21:58:29.046,5.46"
"2026-05-29 21:58:29.247,5.7"
"2026-05-29 21:58:29.448,5.96"
"2026-05-29 21:58:29.648,5.95"
"2026-05-29 21:58:29.848,1.9"
"2026-05-29 21:58:30.049,5.53"
"2026-05-29 21:58:30.249,1.91"
"2026-05-29 21:58:30.450,2.84"
"2026-05-29 21:58:30.650,2.91"
"2026-05-29 21:58:30.851,2.93"
"2026-05-29 21:58:31.051,2.08"
"2026-05-29 21:58:31.252,2.81"
"2026-05-29 21:58:31.452,6.43"
"2026-05-29 21:58:31.653,6.71"
"2026-05-29 21:58:31.853,6.7"
"2026-05-29 21:58:32.054,6.74"
"2026-05-29 21:58:32.254,6.69"
"2026-05-29 21:58:32.454,6.74"
"2026-05-29 21:58:32.655,6.86"
"2026-05-29 21:58:32.855,6.86"
"2026-05-29 21:58:33.055,6.93"
"2026-05-29 21:58:33.256,6.94"
"2026-05-29 21:58:33.456,6.92"
"2026-05-29 21:58:33.657,6.9"
"2026-05-29 21:58:33.857,6.88"
"2026-05-29 21:58:34.058,6.89"
"2026-05-29 21:58:34.258,6.76"
"2026-05-29 21:58:34.459,6.93"
"2026-05-29 21:58:34.659,6.86"
"2026-05-29 21:58:34.860,6.84"
"2026-05-29 21:58:35.060,6.33"
"2026-05-29 21:58:35.261,5.68"
"2026-05-29 21:58:35.461,4.89"
"2026-05-29 21:58:35.661,3.74"
"2026-05-29 21:58:35.862,5.0"
"2026-05-29 21:58:36.062,5.24"
"2026-05-29 21:58:36.263,5.12"
"2026-05-29 21:58:36.463,5.34"
"2026-05-29 21:58:36.663,5.23"
"2026-05-29 21:58:36.864,5.03"
"2026-05-29 21:58:37.064,5.89"
"2026-05-29 21:58:37.265,5.93"
"2026-05-29 21:58:37.465,5.85"
"2026-05-29 21:58:37.666,5.89"
"2026-05-29 21:58:37.866,5.73"
"2026-05-29 21:58:38.067,5.85"
"2026-05-29 21:58:38.267,5.85"
"2026-05-29 21:58:38.468,5.68"
"2026-05-29 21:58:38.668,5.71"
"2026-05-29 21:58:38.868,6.28"
"2026-05-29 21:58:39.069,5.42"
"2026-05-29 21:58:39.269,4.74"
"2026-05-29 21:58:39.470,4.87"
"2026-05-29 21:58:39.670,5.06"
"2026-05-29 21:58:39.871,5.1"
"2026-05-29 21:58:40.071,5.11"
"2026-05-29 21:58:40.272,5.73"
"2026-05-29 21:58:40.472,5.52"
"2026-05-29 21:58:40.673,5.27"
"2026-05-29 21:58:40.873,5.1"
"2026-05-29 21:58:41.074,3.87"
"2026-05-29 21:58:41.274,3.71"
"2026-05-29 21:58:41.474,5.26"
"2026-05-29 21:58:41.675,4.85"
"2026-05-29 21:58:41.875,4.87"
"2026-05-29 21:58:42.076,5.0"
"2026-05-29 21:58:42.276,4.84"
"2026-05-29 21:58:42.477,4.91"
"2026-05-29 21:58:42.677,5.03"
"2026-05-29 21:58:42.878,5.43"
"2026-05-29 21:58:43.078,5.54"
"2026-05-29 21:58:43.278,5.52"
"2026-05-29 21:58:43.479,5.15"
"2026-05-29 21:58:43.679,4.99"
"2026-05-29 21:58:43.879,4.88"
"2026-05-29 21:58:44.080,4.86"
"2026-05-29 21:58:44.281,4.99"
"2026-05-29 21:58:44.481,4.92"
"2026-05-29 21:58:44.681,1.89"
"2026-05-29 21:58:44.882,4.41"
"2026-05-29 21:58:45.082,5.98"
"2026-05-29 21:58:45.283,5.7"
"2026-05-29 21:58:45.483,5.91"
"2026-05-29 21:58:45.684,5.89"
"2026-05-29 21:58:45.884,5.81"
"2026-05-29 21:58:46.084,5.77"
"2026-05-29 21:58:46.285,5.67"
"2026-05-29 21:58:46.486,5.67"
"2026-05-29 21:58:46.686,5.58"
"2026-05-29 21:58:46.886,5.5"
"2026-05-29 21:58:47.087,5.51"
"2026-05-29 21:58:47.287,5.42"
"2026-05-29 21:58:47.487,5.28"
"2026-05-29 21:58:47.688,5.24"
"2026-05-29 21:58:47.889,5.24"
"2026-05-29 21:58:48.089,5.26"
"2026-05-29 21:58:48.289,5.25"
"2026-05-29 21:58:48.490,5.25"
"2026-05-29 21:58:48.690,5.35"
"2026-05-29 21:58:48.891,5.37"
"2026-05-29 21:58:49.091,5.45"
"2026-05-29 21:58:49.292,5.39"
"2026-05-29 21:58:49.492,5.13"
"2026-05-29 21:58:49.693,3.94"
"2026-05-29 21:58:49.893,5.53"
"2026-05-29 21:58:50.093,5.44"
"2026-05-29 21:58:50.294,5.79"
"2026-05-29 21:58:50.494,5.66"
"2026-05-29 21:58:50.694,5.79"
"2026-05-29 21:58:50.895,5.6"
"2026-05-29 21:58:51.096,5.51"
"2026-05-29 21:58:51.296,5.5"
"2026-05-29 21:58:51.497,5.4"
"2026-05-29 21:58:51.697,5.33"
"2026-05-29 21:58:51.898,5.25"
"2026-05-29 21:58:52.098,5.2"
"2026-05-29 21:58:52.298,5.15"
"2026-05-29 21:58:52.499,4.89"
"2026-05-29 21:58:52.699,5.01"
"2026-05-29 21:58:52.900,5.11"
"2026-05-29 21:58:53.100,4.57"
"2026-05-29 21:58:53.300,4.97"
"2026-05-29 21:58:53.501,5.05"
"2026-05-29 21:58:53.701,5.03"
"2026-05-29 21:58:53.902,4.76"
"2026-05-29 21:58:54.102,4.87"
"2026-05-29 21:58:54.303,5.12"
"2026-05-29 21:58:54.503,5.21"
"2026-05-29 21:58:54.704,5.21"
"2026-05-29 21:58:54.904,5.42"
"2026-05-29 21:58:55.104,5.34"
"2026-05-29 21:58:55.305,5.44"
"2026-05-29 21:58:55.506,3.39"
"2026-05-29 21:58:55.706,1.1"
"2026-05-29 21:58:55.906,1.44"
"2026-05-29 21:58:56.107,0.01"
"2026-05-29 21:58:56.307,0.16"
"2026-05-29 21:58:56.508,0.25"
"2026-05-29 21:58:56.708,0.0"
"2026-05-29 21:58:56.908,0.0"
"2026-05-29 21:58:57.109,1.17"
"2026-05-29 21:58:57.309,7.07"
"2026-05-29 21:58:57.510,7.68"
"2026-05-29 21:58:57.710,3.29"
"2026-05-29 21:58:57.911,2.04"
"2026-05-29 21:58:58.111,7.86"
"2026-05-29 21:58:58.312,8.01"
"2026-05-29 21:58:58.512,1.4"
"2026-05-29 21:58:58.713,9.75"
"2026-05-29 21:58:58.913,2.84"
"2026-05-29 21:58:59.113,8.67"
"2026-05-29 21:58:59.316,3.27"
"2026-05-29 21:58:59.514,9.34"
"2026-05-29 21:58:59.716,10.0"
"2026-05-29 21:58:59.915,6.87"
"2026-05-29 21:59:00.116,9.93"
"2026-05-29 21:59:00.316,9.98"
"2026-05-29 21:59:00.517,9.95"
"2026-05-29 21:59:00.717,9.84"
"2026-05-29 21:59:00.917,9.63"
"2026-05-29 21:59:01.118,9.39"
"2026-05-29 21:59:01.318,9.25"
"2026-05-29 21:59:01.519,9.03"
"2026-05-29 21:59:01.720,8.88"
"2026-05-29 21:59:01.920,8.7"
"2026-05-29 21:59:02.120,8.63"
"2026-05-29 21:59:02.321,8.51"
"2026-05-29 21:59:02.521,8.39"
"2026-05-29 21:59:02.721,8.29"
"2026-05-29 21:59:02.922,8.31"
"2026-05-29 21:59:03.122,8.2"
"2026-05-29 21:59:03.323,8.3"
"2026-05-29 21:59:03.523,8.27"
"2026-05-29 21:59:03.724,8.25"
"2026-05-29 21:59:03.924,8.31"
"2026-05-29 21:59:04.124,8.26"
"2026-05-29 21:59:04.325,8.3"
"2026-05-29 21:59:04.525,8.33"
"2026-05-29 21:59:04.726,8.42"
"2026-05-29 21:59:04.926,8.31"
"2026-05-29 21:59:05.127,8.3"
"2026-05-29 21:59:05.327,8.28"
"2026-05-29 21:59:05.528,8.11"
"2026-05-29 21:59:05.728,8.14"
"2026-05-29 21:59:05.929,8.11"
"2026-05-29 21:59:06.129,7.93"
"2026-05-29 21:59:06.329,7.9"
"2026-05-29 21:59:06.530,7.9"
"2026-05-29 21:59:06.730,7.65"
"2026-05-29 21:59:06.931,9.13"
"2026-05-29 21:59:07.131,7.16"
"2026-05-29 21:59:07.332,7.98"
"2026-05-29 21:59:07.532,7.95"
"2026-05-29 21:59:07.732,8.0"
"2026-05-29 21:59:07.933,7.24"
"2026-05-29 21:59:08.133,7.16"
"2026-05-29 21:59:08.334,7.48"
"2026-05-29 21:59:08.534,7.4"
"2026-05-29 21:59:08.735,6.59"
"2026-05-29 21:59:08.935,7.07"
"2026-05-29 21:59:09.135,7.32"
"2026-05-29 21:59:09.336,7.42"
"2026-05-29 21:59:09.537,7.59"
"2026-05-29 21:59:09.737,7.61"
"2026-05-29 21:59:09.938,7.64"
"2026-05-29 21:59:10.138,7.61"
"2026-05-29 21:59:10.338,7.57"
"2026-05-29 21:59:10.539,7.55"
"2026-05-29 21:59:10.739,7.66"
"2026-05-29 21:59:10.939,7.89"
"2026-05-29 21:59:11.140,7.88"
"2026-05-29 21:59:11.340,7.71"
